name,proportionality
LEGO Themed Playsets,0.39378238341968913
LEGO Licensed Franchise Sets,0.20725388601036268
LEGO Collectible Minifigures,0.10362694300518134
LEGO Duplo Sets,0.07253886010362694
LEGO Technic Series,0.06217616580310881
LEGO Creator Series,0.05181347150259067
LEGO Classic Bricks Boxes,0.04145077720207254
LEGO Architecture Series,0.031088082901554404
LEGO Friends Series,0.025906735751295335
LEGO Education & Robotics Kits,0.010362694300518135
