Department_ID,DepartmentName,Proportionality
100,Research & Development,0.18181818181818182
101,Sales & Marketing,0.13636363636363635
102,Finance & Accounting,0.09090909090909091
103,Customer Support,0.07272727272727272
104,Human Resources,0.06363636363636364
105,Manufacturing & Production,0.1636363636363636
106,Supply Chain & Logistics,0.09090909090909091
107,IT & Digital Solutions,0.07272727272727272
108,Legal & Compliance,0.03636363636363636
109,Corporate Strategy,0.09090909090909091
