Department_ID,DepartmentName,Proportionality
100,Research & Development,18.181818181818183
101,Sales & Marketing,13.636363636363635
102,Manufacturing,16.36363636363636
103,Finance & Accounting,9.090909090909092
104,Human Resources,6.363636363636364
105,Customer Support,7.2727272727272725
106,Supply Chain Management,9.090909090909092
107,Information Technology,7.2727272727272725
108,Legal & Compliance,3.6363636363636362
109,Quality Assurance,9.090909090909092
